<?xml version="1.0" encoding="UTF-8"?>
<beans xmlns="http://www.springframework.org/schema/beans"
    xmlns:xsi="http://www.w3.org/2001/XMLSchema-instance"
    xmlns:tx="http://www.springframework.org/schema/tx"
    xmlns:context="http://www.springframework.org/schema/context"
    xsi:schemaLocation="http://www.springframework.org/schema/beans
        http://www.springframework.org/schema/beans/spring-beans.xsd
        http://www.springframework.org/schema/tx 
        http://www.springframework.org/schema/tx/spring-tx.xsd
        http://www.springframework.org/schema/context 
        http://www.springframework.org/schema/context/spring-context.xsd">

	<context:property-placeholder location="classpath:database.properties"/> 
	<bean id="dataSource" class="org.apache.commons.dbcp2.BasicDataSource" destroy-method="close" >
		<property name="url" value="${database.url}" />
		<property name="username" value="${database.root}" />
		<property name="password" value="${database.password}" />
	</bean>
	<bean id="sessionFactory" class="org.springframework.orm.hibernate5.LocalSessionFactoryBean">
	    <property name="dataSource" ref="dataSource"/>
	    <property name="hibernateProperties">
			<props>
			   <prop key="hibernate.dialect">${hibernate.dialect}</prop>
			   <prop key="hibernate.hbm2ddl.auto">${hibernate.hbm2ddl.auto}</prop>
			   <prop key="hibernate.show_sql">${hibernate.show_sql}</prop>
			</props>
	    </property>
        <property name="packagesToScan" value="com.comcast.entity"/> 
	</bean>
	<bean id="hibernateTemplate" class="org.springframework.orm.hibernate5.HibernateTemplate">
		<constructor-arg name="sessionFactory" ref="sessionFactory"/>  
	</bean>
	<bean id="personDAO" class="com.comcast.PersonDAO">
	    <constructor-arg name="hibernateTemplate" ref="hibernateTemplate"/>
	</bean>
	<bean id="transactionManager" class="org.springframework.orm.hibernate5.HibernateTransactionManager">
	    <property name="sessionFactory" ref="sessionFactory" />
	</bean>	
	<tx:annotation-driven transaction-manager="transactionManager" /> 		
</beans> 